image_path,superclass,class
train/trees/oak_tree/coast_live_oak_s_000038.png,trees,oak_tree
train/medium_mammals/porcupine/hedgehog_s_000942.png,medium_mammals,porcupine
train/non-insect_invertebrates/lobster/lobster_s_001682.png,non-insect_invertebrates,lobster
train/fruit_and_vegetables/orange/valencia_orange_s_000603.png,fruit_and_vegetables,orange
train/fruit_and_vegetables/apple/red_delicious_s_000337.png,fruit_and_vegetables,apple
train/food_containers/bottle/pill_bottle_s_000050.png,food_containers,bottle
train/insects/caterpillar/caterpillar_s_001037.png,insects,caterpillar
train/trees/willow_tree/willow_tree_s_001272.png,trees,willow_tree
train/people/woman/black_woman_s_000959.png,people,woman
train/aquatic_mammals/dolphin/common_dolphin_s_000936.png,aquatic_mammals,dolphin
train/reptiles/dinosaur/ankylosaurus_s_001637.png,reptiles,dinosaur
train/fruit_and_vegetables/apple/northern_spy_s_000011.png,fruit_and_vegetables,apple
train/aquatic_mammals/dolphin/common_dolphin_s_001536.png,aquatic_mammals,dolphin
train/people/baby/infant_s_000460.png,people,baby
train/food_containers/bowl/bowl_s_001181.png,food_containers,bowl
train/large_omnivores_and_herbivores/kangaroo/wallaby_s_000226.png,large_omnivores_and_herbivores,kangaroo
train/large_carnivores/wolf/gray_wolf_s_000652.png,large_carnivores,wolf
train/large_man-made_outdoor_things/castle/castle_s_000049.png,large_man-made_outdoor_things,castle
train/non-insect_invertebrates/lobster/lobster_s_000269.png,non-insect_invertebrates,lobster
train/insects/butterfly/mourning_cloak_s_001227.png,insects,butterfly
train/large_man-made_outdoor_things/bridge/lift_bridge_s_000537.png,large_man-made_outdoor_things,bridge
train/small_mammals/shrew/common_shrew_s_000049.png,small_mammals,shrew
train/household_electrical_devices/telephone/telephone_set_s_001018.png,household_electrical_devices,telephone
train/insects/butterfly/mourning_cloak_s_001352.png,insects,butterfly
train/large_omnivores_and_herbivores/kangaroo/kangaroo_s_002537.png,large_omnivores_and_herbivores,kangaroo
train/people/girl/little_girl_s_001448.png,people,girl
train/medium_mammals/skunk/manual-skunk021.png,medium_mammals,skunk
train/large_omnivores_and_herbivores/cattle/cows_s_001604.png,large_omnivores_and_herbivores,cattle
train/trees/pine_tree/pinyon_s_000060.png,trees,pine_tree
train/fruit_and_vegetables/sweet_pepper/bell_pepper_s_001099.png,fruit_and_vegetables,sweet_pepper
train/medium_mammals/porcupine/hedgehog_s_000912.png,medium_mammals,porcupine
train/vehicles_2/lawn_mower/mower_s_000381.png,vehicles_2,lawn_mower
train/large_carnivores/wolf/timber_wolf_s_001818.png,large_carnivores,wolf
train/large_natural_outdoor_scenes/sea/adriatic_s_001315.png,large_natural_outdoor_scenes,sea
train/fish/trout/rainbow_trout_s_000309.png,fish,trout
train/vehicles_2/tractor/tractor_s_000753.png,vehicles_2,tractor
train/reptiles/crocodile/nile_crocodile_s_001239.png,reptiles,crocodile
train/large_man-made_outdoor_things/skyscraper/wtc_s_000121.png,large_man-made_outdoor_things,skyscraper
train/aquatic_mammals/seal/fur_seal_s_000648.png,aquatic_mammals,seal
train/large_man-made_outdoor_things/skyscraper/world_trade_center_s_000065.png,large_man-made_outdoor_things,skyscraper
train/large_carnivores/wolf/grey_wolf_s_000381.png,large_carnivores,wolf
train/household_electrical_devices/lamp/discharge_lamp_s_000026.png,household_electrical_devices,lamp
train/trees/willow_tree/salix_vitellina_s_000145.png,trees,willow_tree
train/household_furniture/wardrobe/wardrobe_s_002257.png,household_furniture,wardrobe
train/large_carnivores/lion/lion_cub_s_000600.png,large_carnivores,lion
train/large_omnivores_and_herbivores/chimpanzee/chimp_s_001605.png,large_omnivores_and_herbivores,chimpanzee
train/large_man-made_outdoor_things/skyscraper/skyscraper_s_000589.png,large_man-made_outdoor_things,skyscraper
train/large_natural_outdoor_scenes/mountain/alp_s_000584.png,large_natural_outdoor_scenes,mountain
train/fish/ray/stingray_s_001995.png,fish,ray
train/household_furniture/chair/chaise_s_001903.png,household_furniture,chair
train/household_furniture/wardrobe/wardrobe_s_000689.png,household_furniture,wardrobe
train/large_natural_outdoor_scenes/forest/forest_s_000724.png,large_natural_outdoor_scenes,forest
train/large_carnivores/tiger/tiger_s_000960.png,large_carnivores,tiger
train/fruit_and_vegetables/apple/apple_s_000050.png,fruit_and_vegetables,apple
train/small_mammals/shrew/water_shrew_s_000020.png,small_mammals,shrew
train/flowers/sunflower/sunflower_s_002288.png,flowers,sunflower
train/non-insect_invertebrates/lobster/lobster_s_000937.png,non-insect_invertebrates,lobster
train/aquatic_mammals/beaver/castor_canadensis_s_001246.png,aquatic_mammals,beaver
train/vehicles_2/tractor/bulldozer_s_000317.png,vehicles_2,tractor
train/flowers/tulip/tulipa_clusiana_s_000097.png,flowers,tulip
train/aquatic_mammals/seal/break_seal_s_000839.png,aquatic_mammals,seal
train/vehicles_2/tractor/tractor_s_001927.png,vehicles_2,tractor
train/fish/aquarium_fish/goldfish_s_001016.png,fish,aquarium_fish
train/small_mammals/rabbit/lapin_s_001728.png,small_mammals,rabbit
train/large_natural_outdoor_scenes/forest/forest_s_000851.png,large_natural_outdoor_scenes,forest
train/non-insect_invertebrates/spider/spider_s_001497.png,non-insect_invertebrates,spider
train/people/woman/black_woman_s_000322.png,people,woman
train/people/girl/young_girl_s_000616.png,people,girl
train/household_electrical_devices/lamp/discharge_lamp_s_000873.png,household_electrical_devices,lamp
train/trees/maple_tree/acer_saccharinum_s_000014.png,trees,maple_tree
train/aquatic_mammals/otter/river_otter_s_002229.png,aquatic_mammals,otter
train/medium_mammals/raccoon/raccoon_s_000616.png,medium_mammals,raccoon
train/medium_mammals/porcupine/porcupine_s_000754.png,medium_mammals,porcupine
train/medium_mammals/skunk/striped_skunk_s_001752.png,medium_mammals,skunk
train/large_omnivores_and_herbivores/kangaroo/kangaroo_s_001909.png,large_omnivores_and_herbivores,kangaroo
train/medium_mammals/possum/possum_s_000026.png,medium_mammals,possum
train/reptiles/snake/colubrid_s_000685.png,reptiles,snake
train/large_man-made_outdoor_things/house/boardinghouse_s_000141.png,large_man-made_outdoor_things,house
train/people/girl/sweater_girl_s_001035.png,people,girl
train/household_furniture/chair/reclining_chair_s_000839.png,household_furniture,chair
train/trees/oak_tree/coast_live_oak_s_000049.png,trees,oak_tree
train/flowers/rose/rosebush_s_001984.png,flowers,rose
train/people/girl/sweater_girl_s_001076.png,people,girl
train/food_containers/can/beer_can_s_000292.png,food_containers,can
train/aquatic_mammals/seal/fur_seal_s_000465.png,aquatic_mammals,seal
train/large_omnivores_and_herbivores/cattle/oxen_s_002522.png,large_omnivores_and_herbivores,cattle
train/trees/willow_tree/willow_tree_s_002364.png,trees,willow_tree
train/fruit_and_vegetables/mushroom/mushroom_s_001008.png,fruit_and_vegetables,mushroom
train/non-insect_invertebrates/spider/barn_spider_s_000050.png,non-insect_invertebrates,spider
train/insects/butterfly/butterfly_s_002244.png,insects,butterfly
train/fish/aquarium_fish/cichlid_s_000471.png,fish,aquarium_fish
train/reptiles/snake/hognose_snake_s_000324.png,reptiles,snake
train/large_natural_outdoor_scenes/forest/forest_s_000420.png,large_natural_outdoor_scenes,forest
train/large_omnivores_and_herbivores/chimpanzee/chimp_s_001528.png,large_omnivores_and_herbivores,chimpanzee
train/vehicles_2/streetcar/streetcar_s_002091.png,vehicles_2,streetcar
train/people/girl/shop_girl_s_000216.png,people,girl
train/fruit_and_vegetables/mushroom/mushroom_s_001877.png,fruit_and_vegetables,mushroom
train/vehicles_2/tractor/bulldozer_s_000358.png,vehicles_2,tractor
train/fish/shark/shortfin_mako_s_000262.png,fish,shark
train/reptiles/snake/coluber_constrictor_s_001011.png,reptiles,snake
train/medium_mammals/fox/red_fox_s_001217.png,medium_mammals,fox
train/vehicles_2/tank/tank_s_000123.png,vehicles_2,tank
train/insects/bee/bee_s_000462.png,insects,bee
train/fruit_and_vegetables/apple/macoun_s_001403.png,fruit_and_vegetables,apple
train/fish/trout/rainbow_trout_s_000957.png,fish,trout
train/large_natural_outdoor_scenes/cloud/fogbank_s_000348.png,large_natural_outdoor_scenes,cloud
train/household_furniture/table/table_s_002725.png,household_furniture,table
train/trees/palm_tree/palm_s_002209.png,trees,palm_tree
train/aquatic_mammals/dolphin/dolphin_s_001005.png,aquatic_mammals,dolphin
train/large_natural_outdoor_scenes/forest/forest_s_000256.png,large_natural_outdoor_scenes,forest
train/trees/willow_tree/willow_s_000023.png,trees,willow_tree
train/household_furniture/bed/bed_s_000322.png,household_furniture,bed
train/people/baby/infant_s_001145.png,people,baby
train/insects/bee/africanized_bee_s_000689.png,insects,bee
train/fish/shark/shark_s_001004.png,fish,shark
train/medium_mammals/skunk/striped_skunk_s_001557.png,medium_mammals,skunk
train/household_furniture/bed/bed_s_000331.png,household_furniture,bed
train/large_man-made_outdoor_things/castle/balmoral_castle_s_001483.png,large_man-made_outdoor_things,castle
train/fish/trout/sea_trout_s_000676.png,fish,trout
train/household_furniture/wardrobe/closet_s_000473.png,household_furniture,wardrobe
train/reptiles/dinosaur/armored_dinosaur_s_000039.png,reptiles,dinosaur
train/large_carnivores/tiger/panthera_tigris_s_000101.png,large_carnivores,tiger
train/trees/maple_tree/silver_maple_s_000552.png,trees,maple_tree
train/food_containers/bottle/bottle_s_000729.png,food_containers,bottle
train/large_carnivores/leopard/leopard_s_001910.png,large_carnivores,leopard
train/fruit_and_vegetables/pear/pear_s_000988.png,fruit_and_vegetables,pear
train/food_containers/bowl/bowl_s_002644.png,food_containers,bowl
train/large_omnivores_and_herbivores/cattle/bos_taurus_s_000029.png,large_omnivores_and_herbivores,cattle
train/medium_mammals/possum/possum_s_000360.png,medium_mammals,possum
train/household_electrical_devices/television/television_s_000557.png,household_electrical_devices,television
train/household_electrical_devices/lamp/lamp_s_001420.png,household_electrical_devices,lamp
train/non-insect_invertebrates/worm/enterobius_vermicularis_s_000018.png,non-insect_invertebrates,worm
train/large_natural_outdoor_scenes/sea/adriatic_sea_s_001928.png,large_natural_outdoor_scenes,sea
train/large_natural_outdoor_scenes/sea/adriatic_sea_s_001062.png,large_natural_outdoor_scenes,sea
train/fruit_and_vegetables/mushroom/mushroom_s_002085.png,fruit_and_vegetables,mushroom
train/large_omnivores_and_herbivores/chimpanzee/chimp_s_001516.png,large_omnivores_and_herbivores,chimpanzee
train/large_omnivores_and_herbivores/camel/camel_s_001721.png,large_omnivores_and_herbivores,camel
train/vehicles_2/lawn_mower/mower_s_001132.png,vehicles_2,lawn_mower
train/household_furniture/table/breakfast_table_s_000804.png,household_furniture,table
train/large_omnivores_and_herbivores/elephant/elephant_s_001589.png,large_omnivores_and_herbivores,elephant
train/non-insect_invertebrates/spider/argiope_aurantia_s_000306.png,non-insect_invertebrates,spider
train/vehicles_2/streetcar/tram_s_000368.png,vehicles_2,streetcar
train/medium_mammals/fox/red_fox_s_001381.png,medium_mammals,fox
train/large_man-made_outdoor_things/road/arterial_road_s_000446.png,large_man-made_outdoor_things,road
train/non-insect_invertebrates/worm/worm_s_001365.png,non-insect_invertebrates,worm
train/fish/shark/shark_s_000306.png,fish,shark
train/large_man-made_outdoor_things/skyscraper/world_trade_center_s_000441.png,large_man-made_outdoor_things,skyscraper
train/aquatic_mammals/otter/lutra_canadensis_s_000335.png,aquatic_mammals,otter
train/vehicles_1/bus/minibus_s_001318.png,vehicles_1,bus
train/large_omnivores_and_herbivores/elephant/indian_elephant_s_000368.png,large_omnivores_and_herbivores,elephant
train/food_containers/plate/plate_iron_s_001543.png,food_containers,plate
train/aquatic_mammals/otter/river_otter_s_001146.png,aquatic_mammals,otter
train/large_natural_outdoor_scenes/forest/forest_s_001125.png,large_natural_outdoor_scenes,forest
train/aquatic_mammals/otter/otter_s_001609.png,aquatic_mammals,otter
train/aquatic_mammals/beaver/castor_fiber_s_000149.png,aquatic_mammals,beaver
train/large_natural_outdoor_scenes/mountain/alp_s_002980.png,large_natural_outdoor_scenes,mountain
train/medium_mammals/skunk/skunk_s_000533.png,medium_mammals,skunk
train/trees/pine_tree/pine_s_000370.png,trees,pine_tree
train/vehicles_2/tractor/tractor_s_001624.png,vehicles_2,tractor
train/vehicles_2/tractor/bulldozer_s_001999.png,vehicles_2,tractor
train/large_natural_outdoor_scenes/sea/sea_s_000634.png,large_natural_outdoor_scenes,sea
train/large_omnivores_and_herbivores/chimpanzee/chimp_s_002022.png,large_omnivores_and_herbivores,chimpanzee
train/aquatic_mammals/dolphin/delphinus_delphis_s_000400.png,aquatic_mammals,dolphin
train/large_natural_outdoor_scenes/cloud/cirrocumulus_cloud_s_000350.png,large_natural_outdoor_scenes,cloud
train/aquatic_mammals/dolphin/dolphin_s_001119.png,aquatic_mammals,dolphin
train/large_man-made_outdoor_things/bridge/drawbridge_s_001066.png,large_man-made_outdoor_things,bridge
train/vehicles_1/bicycle/safety_bicycle_s_000324.png,vehicles_1,bicycle
train/small_mammals/mouse/mouse_s_000736.png,small_mammals,mouse
train/household_furniture/couch/sofa_s_000204.png,household_furniture,couch
train/food_containers/bottle/whiskey_bottle_s_000900.png,food_containers,bottle
train/large_man-made_outdoor_things/bridge/lift_bridge_s_000261.png,large_man-made_outdoor_things,bridge
train/household_furniture/wardrobe/wardrobe_s_000887.png,household_furniture,wardrobe
train/large_omnivores_and_herbivores/chimpanzee/chimpanzee_s_001526.png,large_omnivores_and_herbivores,chimpanzee
train/fish/ray/stingray_s_002406.png,fish,ray
train/fish/aquarium_fish/cichlid_s_000586.png,fish,aquarium_fish
train/flowers/tulip/lady_tulip_s_000289.png,flowers,tulip
train/large_omnivores_and_herbivores/kangaroo/kangaroo_s_002658.png,large_omnivores_and_herbivores,kangaroo
train/vehicles_1/bicycle/safety_bicycle_s_001699.png,vehicles_1,bicycle
train/non-insect_invertebrates/crab/crab_s_001002.png,non-insect_invertebrates,crab
train/vehicles_1/bus/bus_s_000521.png,vehicles_1,bus
train/vehicles_2/streetcar/streetcar_s_002317.png,vehicles_2,streetcar
train/large_natural_outdoor_scenes/cloud/cirrostratus_s_000908.png,large_natural_outdoor_scenes,cloud
train/household_furniture/table/breakfast_table_s_001116.png,household_furniture,table
train/flowers/sunflower/sunflower_s_000836.png,flowers,sunflower
train/reptiles/turtle/sea_turtle_s_000959.png,reptiles,turtle
train/aquatic_mammals/otter/otter_s_002040.png,aquatic_mammals,otter
train/small_mammals/mouse/harvest_mouse_s_001087.png,small_mammals,mouse
train/fish/shark/shortfin_mako_s_000031.png,fish,shark
train/insects/beetle/beetle_s_000162.png,insects,beetle
train/reptiles/turtle/marine_turtle_s_000847.png,reptiles,turtle
train/fish/shark/shark_s_002026.png,fish,shark
train/trees/willow_tree/golden_willow_s_000186.png,trees,willow_tree
train/small_mammals/squirrel/squirrel_s_000487.png,small_mammals,squirrel
train/fruit_and_vegetables/orange/bitter_orange_s_000652.png,fruit_and_vegetables,orange
train/food_containers/bowl/fish_bowl_s_000093.png,food_containers,bowl
train/large_omnivores_and_herbivores/elephant/indian_elephant_s_002023.png,large_omnivores_and_herbivores,elephant
train/large_omnivores_and_herbivores/elephant/elephant_s_002074.png,large_omnivores_and_herbivores,elephant
train/people/baby/baby_s_000936.png,people,baby
train/non-insect_invertebrates/lobster/american_lobster_s_000450.png,non-insect_invertebrates,lobster
train/large_omnivores_and_herbivores/kangaroo/kangaroo_s_000156.png,large_omnivores_and_herbivores,kangaroo
train/large_natural_outdoor_scenes/sea/adriatic_s_000634.png,large_natural_outdoor_scenes,sea
train/aquatic_mammals/seal/eared_seal_s_000202.png,aquatic_mammals,seal
train/large_omnivores_and_herbivores/kangaroo/kangaroo_s_000919.png,large_omnivores_and_herbivores,kangaroo
train/trees/oak_tree/california_white_oak_s_000128.png,trees,oak_tree
train/vehicles_1/pickup_truck/pickup_truck_s_001805.png,vehicles_1,pickup_truck
train/fruit_and_vegetables/orange/navel_orange_s_000032.png,fruit_and_vegetables,orange
train/non-insect_invertebrates/snail/snail_s_000266.png,non-insect_invertebrates,snail
train/small_mammals/mouse/field_mouse_s_001089.png,small_mammals,mouse
train/trees/oak_tree/pedunculate_oak_s_000288.png,trees,oak_tree
train/household_furniture/table/table_s_000236.png,household_furniture,table
train/fruit_and_vegetables/orange/citrus_aurantium_s_000847.png,fruit_and_vegetables,orange
train/vehicles_1/pickup_truck/pickup_truck_s_002596.png,vehicles_1,pickup_truck
train/large_natural_outdoor_scenes/plain/serengeti_s_000096.png,large_natural_outdoor_scenes,plain
train/fish/aquarium_fish/cichlid_s_002040.png,fish,aquarium_fish
train/trees/palm_tree/areca_s_001585.png,trees,palm_tree
train/fish/trout/rainbow_trout_s_001090.png,fish,trout
train/household_furniture/bed/bed_s_001025.png,household_furniture,bed
train/non-insect_invertebrates/lobster/lobster_s_001108.png,non-insect_invertebrates,lobster
train/fruit_and_vegetables/orange/navel_orange_s_000581.png,fruit_and_vegetables,orange
train/flowers/orchid/butterfly_orchid_s_000509.png,flowers,orchid
train/medium_mammals/fox/red_fox_s_001893.png,medium_mammals,fox
train/fruit_and_vegetables/orange/valencia_orange_s_000021.png,fruit_and_vegetables,orange
train/vehicles_1/train/boat_train_s_000782.png,vehicles_1,train
train/large_omnivores_and_herbivores/kangaroo/wallaby_s_000599.png,large_omnivores_and_herbivores,kangaroo
train/large_omnivores_and_herbivores/chimpanzee/chimpanzee_s_000469.png,large_omnivores_and_herbivores,chimpanzee
train/non-insect_invertebrates/worm/ribbon_worm_s_000067.png,non-insect_invertebrates,worm
train/people/baby/infant_s_000910.png,people,baby
train/non-insect_invertebrates/lobster/lobster_s_001502.png,non-insect_invertebrates,lobster
train/food_containers/cup/goblet_s_001481.png,food_containers,cup
train/non-insect_invertebrates/lobster/lobster_s_000428.png,non-insect_invertebrates,lobster
train/medium_mammals/possum/possum_s_000047.png,medium_mammals,possum
train/fish/flatfish/yellowtail_flounder_s_000306.png,fish,flatfish
train/large_carnivores/tiger/panthera_tigris_s_000428.png,large_carnivores,tiger
train/non-insect_invertebrates/worm/chaetognath_s_000041.png,non-insect_invertebrates,worm
train/large_omnivores_and_herbivores/cattle/cows_s_000731.png,large_omnivores_and_herbivores,cattle
train/large_omnivores_and_herbivores/cattle/bos_taurus_s_000350.png,large_omnivores_and_herbivores,cattle
train/large_man-made_outdoor_things/house/house_s_000443.png,large_man-made_outdoor_things,house
train/reptiles/crocodile/crocodylus_niloticus_s_000038.png,reptiles,crocodile
train/large_omnivores_and_herbivores/elephant/indian_elephant_s_000031.png,large_omnivores_and_herbivores,elephant
train/food_containers/can/beer_can_s_001447.png,food_containers,can
train/flowers/tulip/dwarf_tulip_s_000215.png,flowers,tulip
train/fish/trout/sea_trout_s_000127.png,fish,trout
train/large_carnivores/leopard/leopard_s_001757.png,large_carnivores,leopard
train/vehicles_2/lawn_mower/power_mower_s_000260.png,vehicles_2,lawn_mower
train/household_electrical_devices/lamp/lamp_s_000294.png,household_electrical_devices,lamp
train/reptiles/snake/carphophis_amoenus_s_000320.png,reptiles,snake
train/flowers/poppy/poppy_s_001887.png,flowers,poppy
train/vehicles_2/streetcar/streetcar_s_000908.png,vehicles_2,streetcar
train/food_containers/bottle/whiskey_bottle_s_000380.png,food_containers,bottle
train/non-insect_invertebrates/crab/crab_s_001304.png,non-insect_invertebrates,crab
train/people/man/man_s_000031.png,people,man
train/non-insect_invertebrates/spider/spider_s_001616.png,non-insect_invertebrates,spider
train/insects/butterfly/butterfly_s_002340.png,insects,butterfly
train/vehicles_1/train/train_s_001923.png,vehicles_1,train
train/trees/palm_tree/feather_palm_s_000013.png,trees,palm_tree
train/large_man-made_outdoor_things/castle/buckingham_palace_s_001597.png,large_man-made_outdoor_things,castle
train/fish/ray/stingray_s_000546.png,fish,ray
train/flowers/sunflower/sunflower_s_000338.png,flowers,sunflower
train/vehicles_1/bicycle/safety_bike_s_000934.png,vehicles_1,bicycle
train/vehicles_2/lawn_mower/mower_s_001077.png,vehicles_2,lawn_mower
train/large_man-made_outdoor_things/castle/castle_s_000724.png,large_man-made_outdoor_things,castle
train/large_carnivores/wolf/gray_wolf_s_000393.png,large_carnivores,wolf
train/people/boy/boy_s_000362.png,people,boy
train/insects/butterfly/butterfly_s_002653.png,insects,butterfly
train/large_natural_outdoor_scenes/plain/nullarbor_plain_s_000420.png,large_natural_outdoor_scenes,plain
train/medium_mammals/possum/possum_s_002236.png,medium_mammals,possum
train/medium_mammals/raccoon/raccoon_s_001349.png,medium_mammals,raccoon
train/household_electrical_devices/lamp/electric_lamp_s_000529.png,household_electrical_devices,lamp
train/food_containers/bottle/beer_bottle_s_001718.png,food_containers,bottle
train/large_man-made_outdoor_things/skyscraper/skyscraper_s_001334.png,large_man-made_outdoor_things,skyscraper
train/trees/pine_tree/pine_tree_s_000212.png,trees,pine_tree
train/aquatic_mammals/whale/fin_whale_s_000742.png,aquatic_mammals,whale
train/vehicles_2/lawn_mower/lawn_mower_s_000158.png,vehicles_2,lawn_mower
train/small_mammals/mouse/mus_musculus_s_000444.png,small_mammals,mouse
train/household_furniture/chair/chaise_s_001470.png,household_furniture,chair
train/trees/pine_tree/pine_tree_s_000087.png,trees,pine_tree
train/food_containers/plate/saucer_s_001415.png,food_containers,plate
train/insects/bee/honeybee_s_001739.png,insects,bee
train/fruit_and_vegetables/orange/orange_s_001689.png,fruit_and_vegetables,orange
train/medium_mammals/fox/red_fox_s_000027.png,medium_mammals,fox
train/non-insect_invertebrates/spider/spider_s_001439.png,non-insect_invertebrates,spider
train/people/woman/black_woman_s_000299.png,people,woman
train/food_containers/bowl/bowl_s_000965.png,food_containers,bowl
train/vehicles_2/rocket/step_rocket_s_000493.png,vehicles_2,rocket
train/vehicles_1/bicycle/bicycle_s_002728.png,vehicles_1,bicycle
train/fish/ray/stingray_s_001378.png,fish,ray
train/household_electrical_devices/lamp/electric_lamp_s_000131.png,household_electrical_devices,lamp
train/aquatic_mammals/beaver/castor_fiber_s_000105.png,aquatic_mammals,beaver
train/medium_mammals/possum/possum_s_001962.png,medium_mammals,possum
train/vehicles_2/rocket/rocket_s_002040.png,vehicles_2,rocket
train/flowers/sunflower/sunflower_s_000122.png,flowers,sunflower
train/insects/cockroach/oriental_cockroach_s_000954.png,insects,cockroach
train/small_mammals/mouse/mouse_s_000021.png,small_mammals,mouse
train/large_omnivores_and_herbivores/camel/camel_s_000201.png,large_omnivores_and_herbivores,camel
train/medium_mammals/skunk/mephitis_mephitis_s_000088.png,medium_mammals,skunk
train/people/girl/may_queen_s_000195.png,people,girl
train/flowers/rose/rosebush_s_001366.png,flowers,rose
train/insects/cockroach/oriental_cockroach_s_000469.png,insects,cockroach
train/people/woman/black_woman_s_000349.png,people,woman
train/fruit_and_vegetables/sweet_pepper/bell_pepper_s_000953.png,fruit_and_vegetables,sweet_pepper
train/large_carnivores/tiger/tiger_s_000739.png,large_carnivores,tiger
train/food_containers/plate/plate_iron_s_000389.png,food_containers,plate
train/small_mammals/rabbit/rabbit_s_001735.png,small_mammals,rabbit
train/people/baby/baby_s_001333.png,people,baby
train/large_carnivores/bear/bear_s_000063.png,large_carnivores,bear
train/household_electrical_devices/television/surveillance_system_s_000761.png,household_electrical_devices,television
train/large_man-made_outdoor_things/castle/buckingham_palace_s_001138.png,large_man-made_outdoor_things,castle
train/food_containers/can/tin_can_s_001314.png,food_containers,can
train/household_electrical_devices/keyboard/keyboard_s_001470.png,household_electrical_devices,keyboard
train/vehicles_2/lawn_mower/hand_mower_s_000033.png,vehicles_2,lawn_mower
train/trees/maple_tree/sugar_maple_s_000094.png,trees,maple_tree
train/aquatic_mammals/otter/river_otter_s_000549.png,aquatic_mammals,otter
train/vehicles_2/lawn_mower/motor_mower_s_000725.png,vehicles_2,lawn_mower
train/vehicles_1/train/train_s_001594.png,vehicles_1,train
train/medium_mammals/raccoon/raccoon_s_000790.png,medium_mammals,raccoon
train/household_electrical_devices/telephone/telephone_s_000211.png,household_electrical_devices,telephone
train/flowers/orchid/orchid_s_001727.png,flowers,orchid
train/food_containers/cup/cup_s_001693.png,food_containers,cup
train/fruit_and_vegetables/mushroom/morel_s_000085.png,fruit_and_vegetables,mushroom
train/vehicles_1/bus/minibus_s_001680.png,vehicles_1,bus
train/flowers/orchid/orchid_s_001175.png,flowers,orchid
train/vehicles_2/tractor/tractor_s_001004.png,vehicles_2,tractor
train/flowers/poppy/poppy_s_000581.png,flowers,poppy
train/trees/oak_tree/quercus_petraea_s_001000.png,trees,oak_tree
train/food_containers/can/coffee_can_s_001969.png,food_containers,can
train/vehicles_2/streetcar/streetcar_s_000559.png,vehicles_2,streetcar
train/medium_mammals/raccoon/raccoon_s_000450.png,medium_mammals,raccoon
train/vehicles_2/lawn_mower/lawn_mower_s_000979.png,vehicles_2,lawn_mower
train/flowers/poppy/poppy_s_001961.png,flowers,poppy
train/trees/pine_tree/pine_tree_s_000801.png,trees,pine_tree
train/large_carnivores/lion/panthera_leo_s_000911.png,large_carnivores,lion
train/fruit_and_vegetables/sweet_pepper/sweet_pepper_s_000080.png,fruit_and_vegetables,sweet_pepper
train/household_electrical_devices/keyboard/computer_keyboard_s_002077.png,household_electrical_devices,keyboard
train/insects/butterfly/butterfly_s_002250.png,insects,butterfly
train/vehicles_2/tractor/tractor_s_000676.png,vehicles_2,tractor
train/people/man/man_s_001442.png,people,man
train/large_carnivores/bear/bear_cub_s_000572.png,large_carnivores,bear
train/flowers/rose/mountain_rose_s_000693.png,flowers,rose
train/large_omnivores_and_herbivores/camel/camel_s_001002.png,large_omnivores_and_herbivores,camel
train/large_natural_outdoor_scenes/plain/serengeti_s_001174.png,large_natural_outdoor_scenes,plain
train/small_mammals/rabbit/rabbit_s_001875.png,small_mammals,rabbit
train/vehicles_2/streetcar/tram_s_000347.png,vehicles_2,streetcar
train/fish/flatfish/flatfish_s_000868.png,fish,flatfish
train/medium_mammals/raccoon/racoon_s_000041.png,medium_mammals,raccoon
train/people/boy/boy_s_000806.png,people,boy
train/large_carnivores/wolf/gray_wolf_s_001455.png,large_carnivores,wolf
train/vehicles_1/pickup_truck/pickup_truck_s_001797.png,vehicles_1,pickup_truck
train/people/baby/baby_s_002257.png,people,baby
train/trees/willow_tree/golden_willow_s_000613.png,trees,willow_tree
train/household_furniture/chair/reclining_chair_s_001121.png,household_furniture,chair
train/food_containers/can/beer_can_s_001248.png,food_containers,can
train/aquatic_mammals/whale/right_whale_s_000666.png,aquatic_mammals,whale
train/large_omnivores_and_herbivores/camel/dromedary_s_000721.png,large_omnivores_and_herbivores,camel
train/vehicles_2/tank/armoured_combat_vehicle_s_000104.png,vehicles_2,tank
train/reptiles/dinosaur/edmontonia_s_000269.png,reptiles,dinosaur
train/food_containers/bowl/fishbowl_s_000770.png,food_containers,bowl
train/trees/pine_tree/pine_tree_s_000586.png,trees,pine_tree
train/fruit_and_vegetables/orange/valencia_orange_s_001681.png,fruit_and_vegetables,orange
train/medium_mammals/fox/red_fox_s_001576.png,medium_mammals,fox
train/insects/beetle/tiger_beetle_s_000841.png,insects,beetle
train/vehicles_2/lawn_mower/lawn_mower_s_000986.png,vehicles_2,lawn_mower
train/small_mammals/hamster/syrian_hamster_s_001113.png,small_mammals,hamster
train/trees/pine_tree/pinon_pine_s_000217.png,trees,pine_tree
train/insects/bee/carpenter_bee_s_000567.png,insects,bee
train/insects/cockroach/cockroach_s_002075.png,insects,cockroach
train/large_omnivores_and_herbivores/cattle/oxen_s_000708.png,large_omnivores_and_herbivores,cattle
train/large_natural_outdoor_scenes/forest/forest_s_001642.png,large_natural_outdoor_scenes,forest
train/non-insect_invertebrates/snail/helix_pomatia_s_000330.png,non-insect_invertebrates,snail
train/vehicles_2/streetcar/streetcar_s_000065.png,vehicles_2,streetcar
train/trees/maple_tree/acer_saccharum_s_000806.png,trees,maple_tree
train/household_electrical_devices/television/tv_s_000275.png,household_electrical_devices,television
train/fruit_and_vegetables/orange/navel_orange_s_000414.png,fruit_and_vegetables,orange
train/large_natural_outdoor_scenes/cloud/cirrocumulus_s_001111.png,large_natural_outdoor_scenes,cloud
train/large_man-made_outdoor_things/skyscraper/skyscraper_s_000919.png,large_man-made_outdoor_things,skyscraper
train/food_containers/cup/cup_s_000937.png,food_containers,cup
train/trees/pine_tree/pine_tree_s_000798.png,trees,pine_tree
train/medium_mammals/possum/possum_s_000487.png,medium_mammals,possum
train/food_containers/bowl/bowl_s_000166.png,food_containers,bowl
train/large_omnivores_and_herbivores/camel/dromedary_s_001091.png,large_omnivores_and_herbivores,camel
train/large_omnivores_and_herbivores/kangaroo/macropus_giganteus_s_000086.png,large_omnivores_and_herbivores,kangaroo
train/medium_mammals/fox/red_fox_s_002138.png,medium_mammals,fox
train/large_carnivores/leopard/leopard_s_000551.png,large_carnivores,leopard
train/large_carnivores/wolf/gray_wolf_s_000169.png,large_carnivores,wolf
train/non-insect_invertebrates/lobster/lobster_s_001215.png,non-insect_invertebrates,lobster
train/insects/caterpillar/caterpillar_s_000783.png,insects,caterpillar
train/flowers/poppy/poppy_s_001298.png,flowers,poppy
train/large_omnivores_and_herbivores/camel/camel_s_001203.png,large_omnivores_and_herbivores,camel
train/food_containers/bowl/bowl_s_000002.png,food_containers,bowl
train/medium_mammals/porcupine/porcupine_s_001868.png,medium_mammals,porcupine
train/medium_mammals/possum/opossum_s_000195.png,medium_mammals,possum
train/large_carnivores/bear/bear_s_000891.png,large_carnivores,bear
train/reptiles/crocodile/crocodile_s_000050.png,reptiles,crocodile
train/large_carnivores/lion/lion_s_000471.png,large_carnivores,lion
train/large_man-made_outdoor_things/skyscraper/skyscraper_s_001873.png,large_man-made_outdoor_things,skyscraper
train/household_furniture/table/breakfast_table_s_000724.png,household_furniture,table
train/household_furniture/wardrobe/wardrobe_s_001180.png,household_furniture,wardrobe
train/non-insect_invertebrates/spider/spider_s_000361.png,non-insect_invertebrates,spider
train/household_electrical_devices/television/television_s_000826.png,household_electrical_devices,television
train/small_mammals/rabbit/rabbit_s_001038.png,small_mammals,rabbit
train/fruit_and_vegetables/mushroom/mushroom_s_000969.png,fruit_and_vegetables,mushroom
train/non-insect_invertebrates/snail/helix_pomatia_s_000067.png,non-insect_invertebrates,snail
train/large_omnivores_and_herbivores/camel/arabian_camel_s_000191.png,large_omnivores_and_herbivores,camel
train/insects/butterfly/butterfly_s_001435.png,insects,butterfly
train/people/boy/male_child_s_001357.png,people,boy
train/trees/pine_tree/pine_tree_s_000670.png,trees,pine_tree
train/household_electrical_devices/lamp/discharge_lamp_s_001273.png,household_electrical_devices,lamp
train/food_containers/bottle/pop_bottle_s_000082.png,food_containers,bottle
train/small_mammals/mouse/mus_musculus_s_000619.png,small_mammals,mouse
train/food_containers/plate/plate_iron_s_000805.png,food_containers,plate
train/trees/pine_tree/pinyon_s_000523.png,trees,pine_tree
train/household_furniture/chair/wing_chair_s_000372.png,household_furniture,chair
train/large_carnivores/bear/bear_cub_s_000361.png,large_carnivores,bear
train/large_carnivores/leopard/leopard_s_001052.png,large_carnivores,leopard
train/reptiles/lizard/banded_gecko_s_000080.png,reptiles,lizard
train/aquatic_mammals/otter/river_otter_s_002459.png,aquatic_mammals,otter
train/insects/cockroach/cockroach_s_001681.png,insects,cockroach
train/trees/oak_tree/quercus_cerris_s_000533.png,trees,oak_tree
train/large_natural_outdoor_scenes/mountain/mount_s_003141.png,large_natural_outdoor_scenes,mountain
train/large_man-made_outdoor_things/road/access_road_s_000798.png,large_man-made_outdoor_things,road
train/household_electrical_devices/telephone/telephone_set_s_000345.png,household_electrical_devices,telephone
train/household_electrical_devices/keyboard/clavier_s_000865.png,household_electrical_devices,keyboard
train/large_omnivores_and_herbivores/elephant/indian_elephant_s_001270.png,large_omnivores_and_herbivores,elephant
train/fish/ray/butterfly_ray_s_000890.png,fish,ray
train/large_man-made_outdoor_things/house/house_s_000346.png,large_man-made_outdoor_things,house
train/medium_mammals/possum/possum_s_000758.png,medium_mammals,possum
train/household_electrical_devices/telephone/telephone_s_001281.png,household_electrical_devices,telephone
train/fruit_and_vegetables/pear/bartlett_pear_s_000233.png,fruit_and_vegetables,pear
train/flowers/orchid/orchis_s_000172.png,flowers,orchid
train/large_man-made_outdoor_things/bridge/footbridge_s_000964.png,large_man-made_outdoor_things,bridge
train/reptiles/lizard/banded_gecko_s_000387.png,reptiles,lizard
train/large_man-made_outdoor_things/castle/castle_s_001035.png,large_man-made_outdoor_things,castle
train/aquatic_mammals/beaver/beaver_s_001000.png,aquatic_mammals,beaver
train/reptiles/lizard/lizard_s_001408.png,reptiles,lizard
train/fruit_and_vegetables/orange/bigarade_s_000061.png,fruit_and_vegetables,orange
train/aquatic_mammals/whale/finback_whale_s_000005.png,aquatic_mammals,whale
train/reptiles/turtle/marine_turtle_s_000004.png,reptiles,turtle
train/insects/butterfly/mourning_cloak_s_000571.png,insects,butterfly
train/medium_mammals/fox/red_fox_s_000333.png,medium_mammals,fox
train/trees/pine_tree/pine_tree_s_000418.png,trees,pine_tree
train/vehicles_1/train/railroad_train_s_000520.png,vehicles_1,train
train/reptiles/turtle/turtle_s_000285.png,reptiles,turtle
train/fish/ray/stingray_s_000754.png,fish,ray
train/insects/beetle/ladybug_s_001791.png,insects,beetle
train/non-insect_invertebrates/lobster/american_lobster_s_000760.png,non-insect_invertebrates,lobster
train/people/girl/little_girl_s_000361.png,people,girl
train/large_carnivores/bear/bear_cub_s_000863.png,large_carnivores,bear
train/medium_mammals/skunk/striped_skunk_s_000638.png,medium_mammals,skunk
train/small_mammals/squirrel/squirrel_s_001737.png,small_mammals,squirrel
train/vehicles_1/bus/bus_s_000021.png,vehicles_1,bus
train/household_electrical_devices/telephone/telephone_s_001159.png,household_electrical_devices,telephone
train/food_containers/can/soda_can_s_000082.png,food_containers,can
train/fish/shark/lamna_nasus_s_000102.png,fish,shark
train/fish/trout/trout_s_002556.png,fish,trout
train/fruit_and_vegetables/mushroom/mushroom_s_001832.png,fruit_and_vegetables,mushroom
train/trees/willow_tree/salix_alba_s_000524.png,trees,willow_tree
train/trees/maple_tree/silver_maple_s_000433.png,trees,maple_tree
train/large_man-made_outdoor_things/road/access_road_s_000729.png,large_man-made_outdoor_things,road
train/flowers/sunflower/sunflower_s_000236.png,flowers,sunflower
train/large_carnivores/tiger/panthera_tigris_s_000187.png,large_carnivores,tiger
train/fish/ray/sawfish_s_000339.png,fish,ray
train/household_furniture/couch/couch_s_001999.png,household_furniture,couch
train/flowers/rose/mountain_rose_s_000067.png,flowers,rose
train/household_electrical_devices/lamp/discharge_lamp_s_000776.png,household_electrical_devices,lamp
train/insects/butterfly/butterfly_s_000758.png,insects,butterfly
train/large_omnivores_and_herbivores/camel/camel_s_001713.png,large_omnivores_and_herbivores,camel
train/food_containers/plate/plate_iron_s_001655.png,food_containers,plate
train/medium_mammals/possum/opossum_s_002095.png,medium_mammals,possum
train/insects/butterfly/butterfly_s_000887.png,insects,butterfly
train/large_natural_outdoor_scenes/plain/plain_s_001423.png,large_natural_outdoor_scenes,plain
train/large_man-made_outdoor_things/road/state_highway_s_000079.png,large_man-made_outdoor_things,road
train/large_carnivores/tiger/tiger_s_000279.png,large_carnivores,tiger
train/small_mammals/squirrel/squirrel_s_000812.png,small_mammals,squirrel
train/fish/trout/rainbow_trout_s_000527.png,fish,trout
train/large_man-made_outdoor_things/road/access_road_s_000270.png,large_man-made_outdoor_things,road
train/medium_mammals/porcupine/porcupine_s_000061.png,medium_mammals,porcupine
train/large_omnivores_and_herbivores/camel/dromedary_s_000088.png,large_omnivores_and_herbivores,camel
train/insects/beetle/tiger_beetle_s_000050.png,insects,beetle
train/fruit_and_vegetables/mushroom/mushroom_s_000962.png,fruit_and_vegetables,mushroom
train/large_carnivores/leopard/leopard_s_001650.png,large_carnivores,leopard
train/large_man-made_outdoor_things/skyscraper/wtc_s_002253.png,large_man-made_outdoor_things,skyscraper
train/large_carnivores/lion/lion_s_001443.png,large_carnivores,lion
train/large_omnivores_and_herbivores/cattle/oxen_s_002490.png,large_omnivores_and_herbivores,cattle
train/people/boy/male_child_s_000800.png,people,boy
train/medium_mammals/possum/possum_s_000500.png,medium_mammals,possum
train/large_omnivores_and_herbivores/kangaroo/kangaroo_s_000199.png,large_omnivores_and_herbivores,kangaroo
train/vehicles_2/lawn_mower/mower_s_002214.png,vehicles_2,lawn_mower
train/vehicles_2/streetcar/streetcar_s_001407.png,vehicles_2,streetcar
train/reptiles/turtle/turtle_s_001241.png,reptiles,turtle
train/household_electrical_devices/clock/alarm_clock_s_001119.png,household_electrical_devices,clock
train/vehicles_2/streetcar/streetcar_s_001686.png,vehicles_2,streetcar
train/trees/palm_tree/palm_tree_s_001116.png,trees,palm_tree
train/household_electrical_devices/clock/alarm_clock_s_000798.png,household_electrical_devices,clock
train/vehicles_2/tractor/bulldozer_s_001695.png,vehicles_2,tractor
train/non-insect_invertebrates/snail/helix_pomatia_s_000054.png,non-insect_invertebrates,snail
train/aquatic_mammals/dolphin/common_dolphin_s_000695.png,aquatic_mammals,dolphin
train/household_electrical_devices/television/tv_s_000291.png,household_electrical_devices,television
train/vehicles_2/tractor/bulldozer_s_001046.png,vehicles_2,tractor
train/people/girl/little_girl_s_000355.png,people,girl
train/large_omnivores_and_herbivores/elephant/elephant_s_002602.png,large_omnivores_and_herbivores,elephant
train/large_carnivores/tiger/tiger_s_000044.png,large_carnivores,tiger
train/food_containers/bowl/bowl_s_002801.png,food_containers,bowl
train/household_electrical_devices/keyboard/computer_keyboard_s_001735.png,household_electrical_devices,keyboard
train/vehicles_2/tractor/tractor_s_000622.png,vehicles_2,tractor
train/small_mammals/mouse/house_mouse_s_000028.png,small_mammals,mouse
train/vehicles_2/rocket/icbm_s_000769.png,vehicles_2,rocket
train/household_furniture/table/table_s_000180.png,household_furniture,table
train/large_omnivores_and_herbivores/elephant/elephant_s_001194.png,large_omnivores_and_herbivores,elephant
train/large_carnivores/leopard/panthera_pardus_s_000315.png,large_carnivores,leopard
train/reptiles/lizard/lizard_s_000292.png,reptiles,lizard
train/large_man-made_outdoor_things/skyscraper/skyscraper_s_002003.png,large_man-made_outdoor_things,skyscraper
train/household_furniture/table/breakfast_table_s_000247.png,household_furniture,table
train/insects/beetle/tiger_beetle_s_000656.png,insects,beetle
train/large_omnivores_and_herbivores/cattle/bos_taurus_s_000751.png,large_omnivores_and_herbivores,cattle
train/reptiles/dinosaur/edmontonia_s_000057.png,reptiles,dinosaur
train/aquatic_mammals/seal/seal_s_001185.png,aquatic_mammals,seal
train/large_man-made_outdoor_things/castle/castle_s_000351.png,large_man-made_outdoor_things,castle
train/large_carnivores/bear/bear_s_002177.png,large_carnivores,bear
train/large_man-made_outdoor_things/castle/castle_s_001126.png,large_man-made_outdoor_things,castle
train/small_mammals/mouse/field_mouse_s_001274.png,small_mammals,mouse
train/household_furniture/bed/built_in_bed_s_002012.png,household_furniture,bed
train/fish/shark/shark_s_001800.png,fish,shark
train/household_electrical_devices/lamp/electric_lamp_s_000106.png,household_electrical_devices,lamp
train/insects/beetle/tiger_beetle_s_000003.png,insects,beetle
train/large_carnivores/lion/panthera_leo_s_000816.png,large_carnivores,lion
train/small_mammals/shrew/manual-shrew002.png,small_mammals,shrew
train/large_carnivores/lion/king_of_beasts_s_001427.png,large_carnivores,lion
train/fruit_and_vegetables/apple/northern_spy_s_000879.png,fruit_and_vegetables,apple
train/fruit_and_vegetables/sweet_pepper/sweet_pepper_s_000006.png,fruit_and_vegetables,sweet_pepper
train/large_omnivores_and_herbivores/cattle/cattle_s_001970.png,large_omnivores_and_herbivores,cattle
train/large_carnivores/leopard/leopard_s_001107.png,large_carnivores,leopard
train/large_natural_outdoor_scenes/plain/field_s_000184.png,large_natural_outdoor_scenes,plain
train/large_natural_outdoor_scenes/sea/sea_s_001242.png,large_natural_outdoor_scenes,sea
train/fish/flatfish/flatfish_s_001828.png,fish,flatfish
train/large_omnivores_and_herbivores/chimpanzee/chimpanzee_s_001178.png,large_omnivores_and_herbivores,chimpanzee
train/reptiles/turtle/sea_turtle_s_002794.png,reptiles,turtle
train/flowers/sunflower/sunflower_s_000653.png,flowers,sunflower
train/flowers/tulip/tulip_s_001632.png,flowers,tulip
train/people/girl/gamine_s_000470.png,people,girl
train/insects/cockroach/cockroach_s_001544.png,insects,cockroach
train/vehicles_1/train/train_s_000502.png,vehicles_1,train
train/large_omnivores_and_herbivores/chimpanzee/chimpanzee_s_000319.png,large_omnivores_and_herbivores,chimpanzee
train/household_furniture/table/table_s_002872.png,household_furniture,table
train/large_omnivores_and_herbivores/elephant/elephant_s_000666.png,large_omnivores_and_herbivores,elephant
train/large_omnivores_and_herbivores/cattle/cattle_s_000359.png,large_omnivores_and_herbivores,cattle
train/fruit_and_vegetables/mushroom/morchella_esculenta_s_000174.png,fruit_and_vegetables,mushroom
train/large_man-made_outdoor_things/bridge/footbridge_s_000215.png,large_man-made_outdoor_things,bridge
train/vehicles_2/tractor/bulldozer_s_000123.png,vehicles_2,tractor
train/flowers/rose/rose_s_000177.png,flowers,rose
train/small_mammals/hamster/syrian_hamster_s_000131.png,small_mammals,hamster
train/trees/pine_tree/pine_s_001330.png,trees,pine_tree
train/vehicles_1/train/railroad_train_s_000484.png,vehicles_1,train
train/medium_mammals/raccoon/raccoon_s_002112.png,medium_mammals,raccoon
train/large_omnivores_and_herbivores/kangaroo/giant_kangaroo_s_000223.png,large_omnivores_and_herbivores,kangaroo
train/household_furniture/couch/sofa_s_000929.png,household_furniture,couch
train/large_omnivores_and_herbivores/chimpanzee/chimpanzee_s_000448.png,large_omnivores_and_herbivores,chimpanzee
train/fish/trout/sea_trout_s_000173.png,fish,trout
train/large_man-made_outdoor_things/skyscraper/skyscraper_s_000854.png,large_man-made_outdoor_things,skyscraper
train/large_carnivores/lion/panthera_leo_s_000529.png,large_carnivores,lion
train/small_mammals/squirrel/squirrel_s_001006.png,small_mammals,squirrel
train/flowers/sunflower/sunflower_s_000005.png,flowers,sunflower
train/large_carnivores/wolf/wolf_pup_s_002184.png,large_carnivores,wolf
train/household_furniture/table/table_s_002007.png,household_furniture,table
train/insects/bee/italian_bee_s_000007.png,insects,bee
train/food_containers/plate/fishplate_s_000908.png,food_containers,plate
train/large_man-made_outdoor_things/castle/buckingham_palace_s_001118.png,large_man-made_outdoor_things,castle
train/large_carnivores/wolf/gray_wolf_s_000991.png,large_carnivores,wolf
train/household_furniture/bed/bunk_s_000118.png,household_furniture,bed
train/vehicles_1/motorcycle/motorcycle_s_002317.png,vehicles_1,motorcycle
train/large_man-made_outdoor_things/bridge/lift_bridge_s_001362.png,large_man-made_outdoor_things,bridge
train/large_man-made_outdoor_things/castle/palace_s_001469.png,large_man-made_outdoor_things,castle
train/large_natural_outdoor_scenes/mountain/alp_s_001961.png,large_natural_outdoor_scenes,mountain
train/large_man-made_outdoor_things/skyscraper/skyscraper_s_000202.png,large_man-made_outdoor_things,skyscraper
train/large_man-made_outdoor_things/house/boarding_house_s_000737.png,large_man-made_outdoor_things,house
train/household_furniture/table/table_s_002758.png,household_furniture,table
train/reptiles/crocodile/nile_crocodile_s_001128.png,reptiles,crocodile
train/reptiles/lizard/lizard_s_001689.png,reptiles,lizard
train/non-insect_invertebrates/snail/garden_snail_s_000015.png,non-insect_invertebrates,snail
train/large_carnivores/wolf/wolf_pup_s_001335.png,large_carnivores,wolf
train/large_natural_outdoor_scenes/sea/sea_s_000571.png,large_natural_outdoor_scenes,sea
train/trees/willow_tree/willow_tree_s_001688.png,trees,willow_tree
train/medium_mammals/fox/red_fox_s_000267.png,medium_mammals,fox
train/large_omnivores_and_herbivores/cattle/cattle_s_000375.png,large_omnivores_and_herbivores,cattle
train/small_mammals/shrew/common_shrew_s_000066.png,small_mammals,shrew
train/medium_mammals/raccoon/raccoon_s_002694.png,medium_mammals,raccoon
train/reptiles/snake/hognose_snake_s_000140.png,reptiles,snake
train/large_omnivores_and_herbivores/cattle/cows_s_001462.png,large_omnivores_and_herbivores,cattle
train/people/girl/little_girl_s_000756.png,people,girl
train/household_furniture/bed/bed_s_001845.png,household_furniture,bed
train/insects/bee/apis_mellifera_s_000192.png,insects,bee
train/large_natural_outdoor_scenes/cloud/cloud_s_000736.png,large_natural_outdoor_scenes,cloud
train/fruit_and_vegetables/sweet_pepper/bell_pepper_s_000898.png,fruit_and_vegetables,sweet_pepper
train/large_carnivores/tiger/tiger_s_000839.png,large_carnivores,tiger
train/trees/willow_tree/basket_willow_s_000006.png,trees,willow_tree
train/large_man-made_outdoor_things/house/boardinghouse_s_000831.png,large_man-made_outdoor_things,house
train/large_natural_outdoor_scenes/mountain/mount_s_002274.png,large_natural_outdoor_scenes,mountain
train/trees/palm_tree/african_oil_palm_s_000192.png,trees,palm_tree
train/medium_mammals/porcupine/porcupine_s_000275.png,medium_mammals,porcupine
train/insects/cockroach/oriental_cockroach_s_000686.png,insects,cockroach
train/household_electrical_devices/television/tv_s_000389.png,household_electrical_devices,television
train/medium_mammals/skunk/mephitis_mephitis_s_000610.png,medium_mammals,skunk
train/people/woman/black_woman_s_001125.png,people,woman
train/reptiles/dinosaur/pachycephalosaurus_s_000430.png,reptiles,dinosaur
train/reptiles/dinosaur/ankylosaurus_s_000990.png,reptiles,dinosaur
train/fruit_and_vegetables/mushroom/disciotis_venosa_s_000009.png,fruit_and_vegetables,mushroom
train/household_furniture/couch/sofa_s_000052.png,household_furniture,couch
train/aquatic_mammals/otter/otter_s_000123.png,aquatic_mammals,otter
train/fruit_and_vegetables/apple/macoun_s_000551.png,fruit_and_vegetables,apple
train/fruit_and_vegetables/apple/macoun_s_000050.png,fruit_and_vegetables,apple
train/large_natural_outdoor_scenes/cloud/cloud_s_001796.png,large_natural_outdoor_scenes,cloud
train/medium_mammals/possum/possum_s_002195.png,medium_mammals,possum
train/fruit_and_vegetables/apple/red_delicious_s_001772.png,fruit_and_vegetables,apple
train/large_natural_outdoor_scenes/cloud/cloud_s_001980.png,large_natural_outdoor_scenes,cloud
train/fish/ray/stingray_s_001089.png,fish,ray
train/flowers/sunflower/sunflower_s_001357.png,flowers,sunflower
train/medium_mammals/raccoon/raccoon_s_002614.png,medium_mammals,raccoon
train/food_containers/bowl/bowl_s_001174.png,food_containers,bowl
train/insects/caterpillar/tussock_caterpillar_s_000256.png,insects,caterpillar
train/large_man-made_outdoor_things/road/state_highway_s_000563.png,large_man-made_outdoor_things,road
train/food_containers/can/tin_can_s_001887.png,food_containers,can
train/vehicles_2/tank/armoured_combat_vehicle_s_000554.png,vehicles_2,tank
train/medium_mammals/porcupine/hedgehog_s_000911.png,medium_mammals,porcupine
train/aquatic_mammals/beaver/beaver_s_001204.png,aquatic_mammals,beaver
train/large_man-made_outdoor_things/skyscraper/skyscraper_s_000753.png,large_man-made_outdoor_things,skyscraper
train/large_natural_outdoor_scenes/forest/forest_s_002204.png,large_natural_outdoor_scenes,forest
train/household_electrical_devices/keyboard/clavier_s_000070.png,household_electrical_devices,keyboard
train/food_containers/can/tin_can_s_001187.png,food_containers,can
train/fish/ray/stingray_s_002320.png,fish,ray
train/medium_mammals/possum/opossum_s_000734.png,medium_mammals,possum
train/large_natural_outdoor_scenes/plain/field_s_000104.png,large_natural_outdoor_scenes,plain
train/small_mammals/mouse/house_mouse_s_000212.png,small_mammals,mouse
train/large_man-made_outdoor_things/castle/palace_s_001694.png,large_man-made_outdoor_things,castle
train/vehicles_2/tractor/tractor_s_000042.png,vehicles_2,tractor
train/fruit_and_vegetables/mushroom/mushroom_s_001875.png,fruit_and_vegetables,mushroom
train/food_containers/cup/cup_s_002125.png,food_containers,cup
train/medium_mammals/porcupine/porcupine_s_000737.png,medium_mammals,porcupine
train/vehicles_1/motorcycle/motorcycle_s_000332.png,vehicles_1,motorcycle
train/household_electrical_devices/telephone/telephone_s_000028.png,household_electrical_devices,telephone
train/food_containers/bowl/bowl_s_001738.png,food_containers,bowl
train/people/woman/eve_s_000022.png,people,woman
train/fish/shark/mako_shark_s_001061.png,fish,shark
train/large_natural_outdoor_scenes/sea/adriatic_s_003147.png,large_natural_outdoor_scenes,sea
train/people/woman/white_woman_s_000359.png,people,woman
train/flowers/orchid/orchid_s_001721.png,flowers,orchid
train/large_man-made_outdoor_things/road/slip_road_s_000596.png,large_man-made_outdoor_things,road
train/medium_mammals/porcupine/hedgehog_s_000559.png,medium_mammals,porcupine
train/large_man-made_outdoor_things/road/access_road_s_000180.png,large_man-made_outdoor_things,road
train/people/boy/boy_s_002247.png,people,boy
train/food_containers/cup/goblet_s_001082.png,food_containers,cup
train/fish/aquarium_fish/carassius_auratus_s_000159.png,fish,aquarium_fish
train/large_omnivores_and_herbivores/kangaroo/kangaroo_s_002914.png,large_omnivores_and_herbivores,kangaroo
train/people/woman/white_woman_s_000635.png,people,woman
train/food_containers/cup/cup_s_001901.png,food_containers,cup
train/household_furniture/couch/sofa_s_000669.png,household_furniture,couch
train/large_omnivores_and_herbivores/chimpanzee/chimpanzee_s_000002.png,large_omnivores_and_herbivores,chimpanzee
train/vehicles_2/tank/army_tank_s_000028.png,vehicles_2,tank
train/large_omnivores_and_herbivores/kangaroo/kangaroo_s_000816.png,large_omnivores_and_herbivores,kangaroo
train/household_electrical_devices/clock/clock_s_001714.png,household_electrical_devices,clock
train/large_carnivores/wolf/wolf_pup_s_000746.png,large_carnivores,wolf
train/non-insect_invertebrates/snail/helix_pomatia_s_000478.png,non-insect_invertebrates,snail
train/large_man-made_outdoor_things/bridge/footbridge_s_000052.png,large_man-made_outdoor_things,bridge
train/large_carnivores/lion/king_of_beasts_s_000984.png,large_carnivores,lion
train/food_containers/plate/plate_iron_s_000997.png,food_containers,plate
train/flowers/poppy/poppy_s_002053.png,flowers,poppy
train/flowers/poppy/poppy_s_000847.png,flowers,poppy
train/people/woman/black_woman_s_000482.png,people,woman
train/food_containers/bowl/bowl_s_000185.png,food_containers,bowl
train/large_carnivores/tiger/panthera_tigris_s_000462.png,large_carnivores,tiger
train/aquatic_mammals/seal/fur_seal_s_000568.png,aquatic_mammals,seal
train/medium_mammals/porcupine/hedgehog_s_001399.png,medium_mammals,porcupine
train/large_natural_outdoor_scenes/plain/plain_s_000374.png,large_natural_outdoor_scenes,plain
train/vehicles_1/bicycle/bike_s_000522.png,vehicles_1,bicycle
train/household_electrical_devices/keyboard/computer_keyboard_s_001461.png,household_electrical_devices,keyboard
train/fish/flatfish/yellowtail_flounder_s_000243.png,fish,flatfish
train/vehicles_1/motorcycle/moped_s_000004.png,vehicles_1,motorcycle
train/large_omnivores_and_herbivores/cattle/bos_taurus_s_000149.png,large_omnivores_and_herbivores,cattle
train/reptiles/snake/snake_s_000023.png,reptiles,snake
train/vehicles_2/lawn_mower/hand_mower_s_000019.png,vehicles_2,lawn_mower
train/large_man-made_outdoor_things/road/byroad_s_000051.png,large_man-made_outdoor_things,road
train/reptiles/crocodile/crocodile_s_001666.png,reptiles,crocodile
train/large_omnivores_and_herbivores/kangaroo/macropus_giganteus_s_000658.png,large_omnivores_and_herbivores,kangaroo
train/household_furniture/table/table_s_000322.png,household_furniture,table
train/fish/trout/trout_s_002471.png,fish,trout
train/aquatic_mammals/whale/bowhead_s_001466.png,aquatic_mammals,whale
train/fish/trout/trout_s_001106.png,fish,trout
train/people/baby/baby_s_002422.png,people,baby
train/fruit_and_vegetables/mushroom/mushroom_s_002143.png,fruit_and_vegetables,mushroom
train/fruit_and_vegetables/apple/yellow_delicious_s_000195.png,fruit_and_vegetables,apple
train/trees/maple_tree/silver_maple_s_000010.png,trees,maple_tree
train/household_furniture/bed/built_in_bed_s_000974.png,household_furniture,bed
train/large_carnivores/tiger/tiger_s_000048.png,large_carnivores,tiger
train/large_carnivores/tiger/tiger_s_000250.png,large_carnivores,tiger
train/flowers/rose/rose_s_001406.png,flowers,rose
train/fish/ray/butterfly_ray_s_000068.png,fish,ray
train/household_electrical_devices/keyboard/clavier_s_000548.png,household_electrical_devices,keyboard
train/food_containers/cup/chalice_s_000455.png,food_containers,cup
train/small_mammals/hamster/hamster_s_000295.png,small_mammals,hamster
train/large_omnivores_and_herbivores/chimpanzee/pan_troglodytes_s_000198.png,large_omnivores_and_herbivores,chimpanzee
train/fruit_and_vegetables/apple/macoun_s_000896.png,fruit_and_vegetables,apple
train/food_containers/bowl/bowl_s_001401.png,food_containers,bowl
train/household_furniture/couch/couch_s_000911.png,household_furniture,couch
train/large_omnivores_and_herbivores/camel/camel_s_002069.png,large_omnivores_and_herbivores,camel
train/household_furniture/couch/sofa_s_000558.png,household_furniture,couch
train/large_man-made_outdoor_things/road/access_road_s_000214.png,large_man-made_outdoor_things,road
train/large_man-made_outdoor_things/bridge/lift_bridge_s_000047.png,large_man-made_outdoor_things,bridge
train/food_containers/cup/chalice_s_002049.png,food_containers,cup
train/fish/flatfish/turbot_s_000441.png,fish,flatfish
train/large_man-made_outdoor_things/house/boarding_house_s_001447.png,large_man-made_outdoor_things,house
train/medium_mammals/possum/opossum_s_000451.png,medium_mammals,possum
train/household_furniture/couch/sofa_s_000323.png,household_furniture,couch
train/household_electrical_devices/lamp/lamp_s_000688.png,household_electrical_devices,lamp
train/large_natural_outdoor_scenes/sea/sea_s_001715.png,large_natural_outdoor_scenes,sea
train/large_natural_outdoor_scenes/cloud/cloud_s_002372.png,large_natural_outdoor_scenes,cloud
train/large_omnivores_and_herbivores/kangaroo/kangaroo_s_002481.png,large_omnivores_and_herbivores,kangaroo
train/people/baby/baby_s_002188.png,people,baby
train/vehicles_2/streetcar/streetcar_s_000104.png,vehicles_2,streetcar
train/trees/maple_tree/maple_s_001418.png,trees,maple_tree
train/large_omnivores_and_herbivores/chimpanzee/chimp_s_000133.png,large_omnivores_and_herbivores,chimpanzee
train/people/baby/baby_s_001788.png,people,baby
train/reptiles/lizard/flying_gecko_s_000244.png,reptiles,lizard
train/non-insect_invertebrates/lobster/lobster_s_002082.png,non-insect_invertebrates,lobster
train/vehicles_2/streetcar/streetcar_s_000016.png,vehicles_2,streetcar
train/vehicles_1/bicycle/bike_s_001078.png,vehicles_1,bicycle
train/vehicles_2/tank/tank_s_001033.png,vehicles_2,tank
train/vehicles_2/rocket/ballistic_missile_s_001528.png,vehicles_2,rocket
train/non-insect_invertebrates/spider/spider_s_000623.png,non-insect_invertebrates,spider
train/large_carnivores/lion/panthera_leo_s_000122.png,large_carnivores,lion
train/medium_mammals/possum/didelphis_marsupialis_s_000007.png,medium_mammals,possum
train/people/man/abel_s_000096.png,people,man
train/fish/shark/shark_s_001536.png,fish,shark
train/trees/pine_tree/pine_tree_s_001156.png,trees,pine_tree
train/fruit_and_vegetables/pear/pear_s_001460.png,fruit_and_vegetables,pear
train/reptiles/snake/worm_snake_s_000961.png,reptiles,snake
train/household_furniture/table/breakfast_table_s_001584.png,household_furniture,table
train/fruit_and_vegetables/mushroom/mushroom_s_002049.png,fruit_and_vegetables,mushroom
train/medium_mammals/porcupine/porcupine_s_001499.png,medium_mammals,porcupine
train/fruit_and_vegetables/apple/cortland_s_000525.png,fruit_and_vegetables,apple
train/food_containers/bowl/bowl_s_002366.png,food_containers,bowl
train/household_furniture/couch/sofa_s_000295.png,household_furniture,couch
train/trees/oak_tree/quercus_rubra_s_000266.png,trees,oak_tree
train/vehicles_2/lawn_mower/lawn_mower_s_000405.png,vehicles_2,lawn_mower
train/vehicles_1/pickup_truck/pickup_truck_s_000773.png,vehicles_1,pickup_truck
train/small_mammals/mouse/fieldmouse_s_000088.png,small_mammals,mouse
train/trees/maple_tree/silver_maple_s_000886.png,trees,maple_tree
train/household_furniture/bed/bunk_s_000726.png,household_furniture,bed
train/household_electrical_devices/clock/clock_s_002345.png,household_electrical_devices,clock
train/small_mammals/squirrel/tree_squirrel_s_000442.png,small_mammals,squirrel
train/large_natural_outdoor_scenes/forest/wood_s_001212.png,large_natural_outdoor_scenes,forest
train/large_natural_outdoor_scenes/plain/serengeti_s_001891.png,large_natural_outdoor_scenes,plain
train/vehicles_2/lawn_mower/lawn_mower_s_002021.png,vehicles_2,lawn_mower
train/vehicles_1/bus/minibus_s_001616.png,vehicles_1,bus
train/fish/aquarium_fish/cichlid_s_001953.png,fish,aquarium_fish
train/fish/shark/shark_s_000360.png,fish,shark
train/insects/caterpillar/tussock_caterpillar_s_000042.png,insects,caterpillar
train/aquatic_mammals/dolphin/common_dolphin_s_000138.png,aquatic_mammals,dolphin
train/flowers/rose/rose_s_001405.png,flowers,rose
train/food_containers/cup/goblet_s_000520.png,food_containers,cup
train/non-insect_invertebrates/spider/spider_s_002203.png,non-insect_invertebrates,spider
train/reptiles/crocodile/african_crocodile_s_000873.png,reptiles,crocodile
train/large_omnivores_and_herbivores/chimpanzee/chimp_s_000419.png,large_omnivores_and_herbivores,chimpanzee
train/flowers/sunflower/sunflower_s_001401.png,flowers,sunflower
train/people/man/man_s_000549.png,people,man
train/vehicles_1/motorcycle/motorcycle_s_001492.png,vehicles_1,motorcycle
train/insects/beetle/beetle_s_001547.png,insects,beetle
train/non-insect_invertebrates/spider/argiope_aurantia_s_001071.png,non-insect_invertebrates,spider
train/large_omnivores_and_herbivores/kangaroo/kangaroo_s_001597.png,large_omnivores_and_herbivores,kangaroo
train/household_furniture/table/breakfast_table_s_001224.png,household_furniture,table
train/household_electrical_devices/television/television_system_s_000369.png,household_electrical_devices,television
train/flowers/sunflower/sunflower_s_000326.png,flowers,sunflower
train/flowers/orchid/butterfly_orchid_s_000593.png,flowers,orchid
train/large_omnivores_and_herbivores/elephant/indian_elephant_s_000579.png,large_omnivores_and_herbivores,elephant
train/household_electrical_devices/clock/alarm_clock_s_000913.png,household_electrical_devices,clock
train/medium_mammals/raccoon/raccoon_s_000368.png,medium_mammals,raccoon
train/vehicles_1/bicycle/safety_bicycle_s_000162.png,vehicles_1,bicycle
train/large_natural_outdoor_scenes/forest/woods_s_000333.png,large_natural_outdoor_scenes,forest
train/large_man-made_outdoor_things/house/boarding_house_s_000892.png,large_man-made_outdoor_things,house
train/non-insect_invertebrates/crab/crab_s_001100.png,non-insect_invertebrates,crab
train/non-insect_invertebrates/spider/argiope_aurantia_s_000216.png,non-insect_invertebrates,spider
train/large_man-made_outdoor_things/road/route_s_002124.png,large_man-made_outdoor_things,road
train/large_man-made_outdoor_things/castle/buckingham_palace_s_000405.png,large_man-made_outdoor_things,castle
train/trees/willow_tree/willow_s_000161.png,trees,willow_tree
train/aquatic_mammals/dolphin/common_dolphin_s_000069.png,aquatic_mammals,dolphin
train/large_omnivores_and_herbivores/elephant/indian_elephant_s_000027.png,large_omnivores_and_herbivores,elephant
train/large_carnivores/leopard/leopard_s_000951.png,large_carnivores,leopard
train/medium_mammals/fox/red_fox_s_000777.png,medium_mammals,fox
train/household_furniture/couch/couch_s_001573.png,household_furniture,couch
train/household_electrical_devices/telephone/telephone_set_s_001060.png,household_electrical_devices,telephone
train/people/girl/girl_s_000486.png,people,girl
train/large_natural_outdoor_scenes/mountain/volcano_s_000002.png,large_natural_outdoor_scenes,mountain
train/fish/flatfish/flatfish_s_001332.png,fish,flatfish
train/small_mammals/mouse/field_mouse_s_000004.png,small_mammals,mouse
train/vehicles_2/streetcar/tram_s_000171.png,vehicles_2,streetcar
train/flowers/rose/rosebush_s_000692.png,flowers,rose
train/large_omnivores_and_herbivores/camel/camelus_dromedarius_s_000469.png,large_omnivores_and_herbivores,camel
train/food_containers/bottle/beer_bottle_s_002043.png,food_containers,bottle
train/household_furniture/chair/lounge_chair_s_001643.png,household_furniture,chair
train/household_furniture/bed/bed_s_002186.png,household_furniture,bed
train/household_electrical_devices/telephone/telephone_set_s_000652.png,household_electrical_devices,telephone
train/people/girl/little_girl_s_000075.png,people,girl
train/small_mammals/hamster/hamster_s_000698.png,small_mammals,hamster
train/fruit_and_vegetables/mushroom/mushroom_s_002283.png,fruit_and_vegetables,mushroom
train/household_furniture/chair/chair_s_002512.png,household_furniture,chair
train/medium_mammals/possum/possum_s_000017.png,medium_mammals,possum
train/household_furniture/chair/wing_chair_s_000259.png,household_furniture,chair
train/large_omnivores_and_herbivores/elephant/indian_elephant_s_000126.png,large_omnivores_and_herbivores,elephant
train/large_natural_outdoor_scenes/cloud/cloud_s_002069.png,large_natural_outdoor_scenes,cloud
train/fruit_and_vegetables/apple/mcintosh_s_000016.png,fruit_and_vegetables,apple
train/trees/maple_tree/red_maple_s_000447.png,trees,maple_tree
train/food_containers/bottle/soda_bottle_s_000495.png,food_containers,bottle
train/household_electrical_devices/telephone/telephone_s_001809.png,household_electrical_devices,telephone
train/fish/trout/rainbow_trout_s_001013.png,fish,trout
train/vehicles_1/train/railroad_train_s_000217.png,vehicles_1,train
train/large_natural_outdoor_scenes/forest/woods_s_000117.png,large_natural_outdoor_scenes,forest
train/medium_mammals/skunk/mephitis_mephitis_s_000160.png,medium_mammals,skunk
train/household_furniture/couch/couch_s_001661.png,household_furniture,couch
train/flowers/tulip/tulipa_clusiana_s_000034.png,flowers,tulip
train/large_omnivores_and_herbivores/chimpanzee/pan_troglodytes_s_000101.png,large_omnivores_and_herbivores,chimpanzee
train/household_electrical_devices/television/television_system_s_001156.png,household_electrical_devices,television
train/flowers/tulip/tulip_s_000661.png,flowers,tulip
train/people/man/adam_s_002330.png,people,man
train/large_omnivores_and_herbivores/cattle/cows_s_000726.png,large_omnivores_and_herbivores,cattle
train/people/boy/boy_s_001984.png,people,boy
train/non-insect_invertebrates/snail/helix_pomatia_s_000476.png,non-insect_invertebrates,snail
train/food_containers/bottle/soda_bottle_s_001143.png,food_containers,bottle
train/small_mammals/mouse/harvest_mouse_s_000001.png,small_mammals,mouse
train/household_furniture/wardrobe/wardrobe_s_001794.png,household_furniture,wardrobe
train/large_omnivores_and_herbivores/chimpanzee/chimpanzee_s_000853.png,large_omnivores_and_herbivores,chimpanzee
train/household_electrical_devices/television/surveillance_system_s_001388.png,household_electrical_devices,television
train/medium_mammals/possum/possum_s_000380.png,medium_mammals,possum
train/large_carnivores/bear/bear_cub_s_001050.png,large_carnivores,bear
train/vehicles_2/rocket/missile_s_000558.png,vehicles_2,rocket
train/non-insect_invertebrates/worm/nematode_worm_s_000527.png,non-insect_invertebrates,worm
train/large_omnivores_and_herbivores/cattle/oxen_s_001509.png,large_omnivores_and_herbivores,cattle
train/fish/flatfish/yellowtail_flounder_s_000242.png,fish,flatfish
train/large_omnivores_and_herbivores/kangaroo/kangaroo_s_000589.png,large_omnivores_and_herbivores,kangaroo
train/people/baby/baby_s_002848.png,people,baby
train/aquatic_mammals/seal/fur_seal_s_000206.png,aquatic_mammals,seal
train/large_natural_outdoor_scenes/mountain/volcano_s_000399.png,large_natural_outdoor_scenes,mountain
train/aquatic_mammals/whale/balaenoptera_physalus_s_000279.png,aquatic_mammals,whale
train/trees/pine_tree/pine_tree_s_000774.png,trees,pine_tree
train/medium_mammals/porcupine/hedgehog_s_000398.png,medium_mammals,porcupine
train/trees/willow_tree/salix_alba_s_000158.png,trees,willow_tree
train/large_omnivores_and_herbivores/chimpanzee/chimpanzee_s_000024.png,large_omnivores_and_herbivores,chimpanzee
train/household_electrical_devices/clock/clock_s_001931.png,household_electrical_devices,clock
train/fruit_and_vegetables/orange/navel_orange_s_001063.png,fruit_and_vegetables,orange
train/large_omnivores_and_herbivores/camel/camelus_dromedarius_s_000143.png,large_omnivores_and_herbivores,camel
train/non-insect_invertebrates/lobster/lobster_s_001725.png,non-insect_invertebrates,lobster
train/vehicles_1/bus/minibus_s_000275.png,vehicles_1,bus
train/medium_mammals/porcupine/hedgehog_s_000301.png,medium_mammals,porcupine
train/aquatic_mammals/seal/seal_s_002003.png,aquatic_mammals,seal
train/fruit_and_vegetables/sweet_pepper/sweet_pepper_s_000014.png,fruit_and_vegetables,sweet_pepper
train/reptiles/snake/snake_s_001235.png,reptiles,snake
train/small_mammals/hamster/golden_hamster_s_000060.png,small_mammals,hamster
train/household_electrical_devices/keyboard/computer_keyboard_s_000620.png,household_electrical_devices,keyboard
train/food_containers/bottle/beer_bottle_s_001089.png,food_containers,bottle
train/vehicles_2/tractor/dozer_s_000990.png,vehicles_2,tractor
train/trees/oak_tree/valley_white_oak_s_000102.png,trees,oak_tree
train/fish/shark/mako_s_001727.png,fish,shark
train/fish/aquarium_fish/carassius_auratus_s_000214.png,fish,aquarium_fish
train/household_electrical_devices/lamp/lamp_s_000544.png,household_electrical_devices,lamp
train/large_natural_outdoor_scenes/mountain/mount_s_002852.png,large_natural_outdoor_scenes,mountain
train/people/woman/black_woman_s_002051.png,people,woman
train/large_man-made_outdoor_things/skyscraper/skyscraper_s_000160.png,large_man-made_outdoor_things,skyscraper
train/fruit_and_vegetables/sweet_pepper/sweet_pepper_s_002126.png,fruit_and_vegetables,sweet_pepper
train/reptiles/crocodile/african_crocodile_s_000987.png,reptiles,crocodile
train/large_carnivores/tiger/tiger_s_000245.png,large_carnivores,tiger
train/fish/aquarium_fish/cichlid_s_002294.png,fish,aquarium_fish
train/large_man-made_outdoor_things/road/causeway_s_000606.png,large_man-made_outdoor_things,road
train/large_natural_outdoor_scenes/forest/forest_s_001107.png,large_natural_outdoor_scenes,forest
train/food_containers/cup/chalice_s_001129.png,food_containers,cup
train/food_containers/bottle/ketchup_bottle_s_000003.png,food_containers,bottle
train/vehicles_1/pickup_truck/pickup_s_000048.png,vehicles_1,pickup_truck
train/fish/ray/eagle_ray_s_000347.png,fish,ray
train/flowers/orchid/orchid_s_001933.png,flowers,orchid
train/medium_mammals/fox/fox_s_001364.png,medium_mammals,fox
train/fruit_and_vegetables/orange/navel_orange_s_000826.png,fruit_and_vegetables,orange
train/medium_mammals/porcupine/hedgehog_s_000378.png,medium_mammals,porcupine
train/small_mammals/hamster/hamster_s_001583.png,small_mammals,hamster
train/household_electrical_devices/clock/clock_s_000029.png,household_electrical_devices,clock
train/large_carnivores/leopard/leopard_s_001790.png,large_carnivores,leopard
train/reptiles/crocodile/crocodile_s_001638.png,reptiles,crocodile
train/large_man-made_outdoor_things/castle/buckingham_palace_s_001586.png,large_man-made_outdoor_things,castle
train/reptiles/turtle/turtle_s_001649.png,reptiles,turtle
train/vehicles_2/rocket/ballistic_missile_s_000775.png,vehicles_2,rocket
train/fish/aquarium_fish/cichlid_s_002253.png,fish,aquarium_fish
train/flowers/sunflower/sunflower_s_000550.png,flowers,sunflower
train/reptiles/dinosaur/edmontonia_s_000248.png,reptiles,dinosaur
train/vehicles_2/streetcar/tram_s_000292.png,vehicles_2,streetcar
train/food_containers/cup/goblet_s_000878.png,food_containers,cup
train/household_electrical_devices/telephone/telephone_s_000812.png,household_electrical_devices,telephone
train/household_furniture/table/breakfast_table_s_000617.png,household_furniture,table
train/non-insect_invertebrates/crab/stone_crab_s_000085.png,non-insect_invertebrates,crab
train/food_containers/bottle/whiskey_bottle_s_000493.png,food_containers,bottle
train/household_electrical_devices/lamp/lamp_s_000359.png,household_electrical_devices,lamp
train/household_furniture/bed/camp_bed_s_000101.png,household_furniture,bed
train/vehicles_2/tractor/dozer_s_000134.png,vehicles_2,tractor
train/flowers/rose/rose_s_001145.png,flowers,rose
train/household_furniture/table/table_s_002253.png,household_furniture,table
train/household_electrical_devices/television/television_system_s_000289.png,household_electrical_devices,television
train/people/man/cain_s_001438.png,people,man
train/small_mammals/rabbit/lapin_s_000799.png,small_mammals,rabbit
train/vehicles_1/bicycle/safety_bike_s_001659.png,vehicles_1,bicycle
train/household_furniture/couch/sofa_s_000335.png,household_furniture,couch
train/household_electrical_devices/clock/alarm_clock_s_000899.png,household_electrical_devices,clock
train/vehicles_2/streetcar/streetcar_s_001113.png,vehicles_2,streetcar
train/people/man/man_s_000531.png,people,man
train/flowers/rose/mountain_rose_s_000660.png,flowers,rose
train/reptiles/dinosaur/stegosaurus_s_000470.png,reptiles,dinosaur
train/large_man-made_outdoor_things/house/boarding_house_s_001537.png,large_man-made_outdoor_things,house
train/fish/trout/rainbow_trout_s_001309.png,fish,trout
train/household_electrical_devices/television/television_s_000824.png,household_electrical_devices,television
train/fish/ray/stingray_s_002286.png,fish,ray
train/flowers/rose/rose_s_001096.png,flowers,rose
train/insects/bee/honeybee_s_000727.png,insects,bee
train/household_furniture/couch/couch_s_002234.png,household_furniture,couch
train/trees/willow_tree/salix_alba_s_000754.png,trees,willow_tree
train/vehicles_1/motorcycle/motorcycle_s_000543.png,vehicles_1,motorcycle
train/flowers/sunflower/sunflower_s_001304.png,flowers,sunflower
train/aquatic_mammals/seal/seal_s_001996.png,aquatic_mammals,seal
train/aquatic_mammals/beaver/beaver_s_001737.png,aquatic_mammals,beaver
train/insects/bee/africanized_bee_s_000467.png,insects,bee
train/reptiles/snake/colubrid_s_000724.png,reptiles,snake
train/insects/cockroach/roach_s_000599.png,insects,cockroach
train/large_man-made_outdoor_things/skyscraper/skyscraper_s_000990.png,large_man-made_outdoor_things,skyscraper
train/trees/palm_tree/palm_s_000027.png,trees,palm_tree
train/large_carnivores/wolf/grey_wolf_s_001814.png,large_carnivores,wolf
train/flowers/poppy/poppy_s_000440.png,flowers,poppy
train/household_electrical_devices/telephone/telephone_set_s_001542.png,household_electrical_devices,telephone
train/reptiles/turtle/sea_turtle_s_002199.png,reptiles,turtle
train/vehicles_2/tank/tank_s_001944.png,vehicles_2,tank
train/people/man/abel_s_000769.png,people,man
train/flowers/orchid/butterfly_orchid_s_001040.png,flowers,orchid
train/large_natural_outdoor_scenes/sea/sea_s_000629.png,large_natural_outdoor_scenes,sea
train/food_containers/bowl/bowl_s_000075.png,food_containers,bowl
train/reptiles/dinosaur/dinosaur_s_001304.png,reptiles,dinosaur
train/non-insect_invertebrates/worm/planarian_s_000870.png,non-insect_invertebrates,worm
train/large_natural_outdoor_scenes/mountain/alp_s_002824.png,large_natural_outdoor_scenes,mountain
train/large_natural_outdoor_scenes/cloud/cirrocumulus_s_001044.png,large_natural_outdoor_scenes,cloud
train/food_containers/plate/plate_s_001083.png,food_containers,plate
train/food_containers/plate/fishplate_s_000126.png,food_containers,plate
train/vehicles_2/rocket/sounding_rocket_s_000016.png,vehicles_2,rocket
train/reptiles/snake/colubrid_s_000649.png,reptiles,snake
train/small_mammals/squirrel/squirrel_s_000524.png,small_mammals,squirrel
train/vehicles_1/motorcycle/minibike_s_002130.png,vehicles_1,motorcycle
train/fish/shark/mackerel_shark_s_000249.png,fish,shark
train/flowers/poppy/poppy_s_000808.png,flowers,poppy
train/vehicles_2/tank/tank_s_001254.png,vehicles_2,tank
train/large_carnivores/leopard/leopard_s_000949.png,large_carnivores,leopard
train/medium_mammals/possum/opossum_s_001424.png,medium_mammals,possum
train/large_carnivores/leopard/leopard_s_001050.png,large_carnivores,leopard
train/fruit_and_vegetables/apple/golden_delicious_s_001107.png,fruit_and_vegetables,apple
train/fruit_and_vegetables/pear/anjou_s_000264.png,fruit_and_vegetables,pear
train/aquatic_mammals/dolphin/dolphin_s_000707.png,aquatic_mammals,dolphin
train/small_mammals/mouse/fieldmouse_s_000084.png,small_mammals,mouse
train/food_containers/bottle/bottle_s_000422.png,food_containers,bottle
train/fish/ray/guitarfish_s_000431.png,fish,ray
train/trees/willow_tree/golden_willow_s_001549.png,trees,willow_tree
train/medium_mammals/skunk/skunk_s_001499.png,medium_mammals,skunk
train/insects/cockroach/oriental_cockroach_s_001491.png,insects,cockroach
train/large_man-made_outdoor_things/bridge/drawbridge_s_001307.png,large_man-made_outdoor_things,bridge
train/fish/flatfish/plaice_s_001060.png,fish,flatfish
train/food_containers/bottle/beer_bottle_s_001965.png,food_containers,bottle
train/fruit_and_vegetables/orange/valencia_orange_s_001194.png,fruit_and_vegetables,orange
train/vehicles_1/pickup_truck/pickup_s_001162.png,vehicles_1,pickup_truck
train/insects/bee/apis_mellifera_s_000091.png,insects,bee
train/small_mammals/squirrel/squirrel_s_000128.png,small_mammals,squirrel
train/reptiles/dinosaur/dinosaur_s_000898.png,reptiles,dinosaur
train/large_carnivores/bear/bear_s_001792.png,large_carnivores,bear
train/large_man-made_outdoor_things/skyscraper/skyscraper_s_002141.png,large_man-made_outdoor_things,skyscraper
train/vehicles_2/lawn_mower/mower_s_001800.png,vehicles_2,lawn_mower
train/large_natural_outdoor_scenes/cloud/cirrocumulus_s_000158.png,large_natural_outdoor_scenes,cloud
train/vehicles_2/tractor/bulldozer_s_001199.png,vehicles_2,tractor
train/food_containers/can/milk_can_s_001411.png,food_containers,can
train/household_furniture/couch/sofa_s_000215.png,household_furniture,couch
train/reptiles/snake/hognose_snake_s_000271.png,reptiles,snake
train/household_electrical_devices/lamp/candle_s_000035.png,household_electrical_devices,lamp
train/non-insect_invertebrates/snail/snail_s_002169.png,non-insect_invertebrates,snail
train/small_mammals/hamster/syrian_hamster_s_000352.png,small_mammals,hamster
train/fish/shark/shark_s_001326.png,fish,shark
train/household_furniture/bed/bunk_s_000248.png,household_furniture,bed
train/flowers/orchid/orchid_s_000045.png,flowers,orchid
train/large_man-made_outdoor_things/castle/castle_s_001625.png,large_man-made_outdoor_things,castle
train/non-insect_invertebrates/spider/spider_s_001679.png,non-insect_invertebrates,spider
train/small_mammals/rabbit/rabbit_s_001283.png,small_mammals,rabbit
train/vehicles_2/tractor/bulldozer_s_002126.png,vehicles_2,tractor
train/vehicles_1/bicycle/bicycle_s_000408.png,vehicles_1,bicycle
train/reptiles/lizard/gecko_s_001162.png,reptiles,lizard
train/aquatic_mammals/seal/fur_seal_s_000508.png,aquatic_mammals,seal
train/small_mammals/squirrel/squirrel_s_001098.png,small_mammals,squirrel
train/small_mammals/shrew/common_shrew_s_000129.png,small_mammals,shrew
train/reptiles/lizard/gecko_s_001244.png,reptiles,lizard
train/medium_mammals/porcupine/hedgehog_s_001431.png,medium_mammals,porcupine
train/reptiles/dinosaur/stegosaurus_s_000445.png,reptiles,dinosaur
train/people/man/adam_s_000705.png,people,man
train/vehicles_1/train/car_train_s_000686.png,vehicles_1,train
train/non-insect_invertebrates/spider/argiope_aurantia_s_000248.png,non-insect_invertebrates,spider
train/trees/palm_tree/cohune_s_000007.png,trees,palm_tree
train/flowers/poppy/poppy_s_002535.png,flowers,poppy
train/fruit_and_vegetables/apple/mcintosh_s_000151.png,fruit_and_vegetables,apple
train/large_natural_outdoor_scenes/sea/adriatic_s_001677.png,large_natural_outdoor_scenes,sea
train/reptiles/lizard/gecko_s_000624.png,reptiles,lizard
